,model,animal,accuracy
0,top_model_weights_with_3d,elephant,0.82
1,top_model_weights_with_3d,elephant,0.8
2,top_model_weights_with_3d,elephant,0.805
3,top_model_weights_with_3d,elephant,0.845
4,top_model_weights_with_3d,elephant,0.765
5,top_model_weights_with_3d,elephant,0.775
6,top_model_weights_with_3d,elephant,0.845
7,top_model_weights_with_3d,elephant,0.805
8,top_model_weights_with_3d,elephant,0.785
9,top_model_weights_with_3d,elephant,0.805
10,top_model_weights_with_3d,elephant,0.78
11,top_model_weights_with_3d,elephant,0.795
12,top_model_weights_with_3d,elephant,0.79
13,top_model_weights_with_3d,elephant,0.815
14,top_model_weights_with_3d,elephant,0.8
15,top_model_weights_with_3d,elephant,0.84
16,top_model_weights_with_3d,elephant,0.725
17,top_model_weights_with_3d,elephant,0.855
18,top_model_weights_with_3d,elephant,0.785
19,top_model_weights_with_3d,elephant,0.81
20,top_model_weights_with_3d,elephant,0.81
21,top_model_weights_with_3d,elephant,0.78
22,top_model_weights_with_3d,elephant,0.84
23,top_model_weights_with_3d,elephant,0.825
24,top_model_weights_with_3d,elephant,0.825
25,top_model_weights_with_3d,elephant,0.795
26,top_model_weights_with_3d,elephant,0.795
27,top_model_weights_with_3d,elephant,0.83
28,top_model_weights_with_3d,elephant,0.785
29,top_model_weights_with_3d,elephant,0.83
30,top_model_weights_with_3d,elephant,0.78
31,top_model_weights_with_3d,elephant,0.815
32,top_model_weights_with_3d,elephant,0.83
33,top_model_weights_with_3d,elephant,0.835
34,top_model_weights_with_3d,elephant,0.78
35,top_model_weights_with_3d,elephant,0.81
36,top_model_weights_with_3d,elephant,0.74
37,top_model_weights_with_3d,elephant,0.81
38,top_model_weights_with_3d,elephant,0.82
39,top_model_weights_with_3d,elephant,0.86
40,top_model_weights_with_3d,elephant,0.86
41,top_model_weights_with_3d,elephant,0.775
42,top_model_weights_with_3d,elephant,0.8
43,top_model_weights_with_3d,elephant,0.8
44,top_model_weights_with_3d,elephant,0.79
45,top_model_weights_with_3d,elephant,0.82
46,top_model_weights_with_3d,elephant,0.785
47,top_model_weights_with_3d,elephant,0.805
48,top_model_weights_with_3d,elephant,0.8
49,top_model_weights_with_3d,elephant,0.865
50,top_model_weights_with_3d,elephant,0.845
51,top_model_weights_with_3d,elephant,0.845
52,top_model_weights_with_3d,elephant,0.805
53,top_model_weights_with_3d,elephant,0.855
54,top_model_weights_with_3d,elephant,0.8
55,top_model_weights_with_3d,elephant,0.805
56,top_model_weights_with_3d,elephant,0.81
57,top_model_weights_with_3d,elephant,0.845
58,top_model_weights_with_3d,elephant,0.785
59,top_model_weights_with_3d,elephant,0.785
60,top_model_weights_with_3d,elephant,0.83
61,top_model_weights_with_3d,elephant,0.835
62,top_model_weights_with_3d,elephant,0.78
63,top_model_weights_with_3d,elephant,0.825
64,top_model_weights_with_3d,elephant,0.85
65,top_model_weights_with_3d,elephant,0.78
66,top_model_weights_with_3d,elephant,0.89
67,top_model_weights_with_3d,elephant,0.735
68,top_model_weights_with_3d,elephant,0.82
69,top_model_weights_with_3d,elephant,0.745
70,top_model_weights_with_3d,elephant,0.775
71,top_model_weights_with_3d,elephant,0.78
72,top_model_weights_with_3d,elephant,0.805
73,top_model_weights_with_3d,elephant,0.815
74,top_model_weights_with_3d,elephant,0.815
75,top_model_weights_with_3d,elephant,0.84
76,top_model_weights_with_3d,elephant,0.845
77,top_model_weights_with_3d,elephant,0.835
78,top_model_weights_with_3d,elephant,0.835
79,top_model_weights_with_3d,elephant,0.8
80,top_model_weights_with_3d,elephant,0.775
81,top_model_weights_with_3d,elephant,0.79
82,top_model_weights_with_3d,elephant,0.82
83,top_model_weights_with_3d,elephant,0.825
84,top_model_weights_with_3d,elephant,0.78
85,top_model_weights_with_3d,elephant,0.84
86,top_model_weights_with_3d,elephant,0.795
87,top_model_weights_with_3d,elephant,0.8
88,top_model_weights_with_3d,elephant,0.785
89,top_model_weights_with_3d,elephant,0.83
90,top_model_weights_with_3d,elephant,0.79
91,top_model_weights_with_3d,elephant,0.815
92,top_model_weights_with_3d,elephant,0.825
93,top_model_weights_with_3d,elephant,0.765
94,top_model_weights_with_3d,elephant,0.81
95,top_model_weights_with_3d,elephant,0.805
96,top_model_weights_with_3d,elephant,0.89
97,top_model_weights_with_3d,elephant,0.78
98,top_model_weights_with_3d,elephant,0.805
99,top_model_weights_with_3d,elephant,0.785
100,top_model_weights_with_3d,elephant,0.855
101,top_model_weights_with_3d,elephant,0.78
102,top_model_weights_with_3d,elephant,0.785
103,top_model_weights_with_3d,elephant,0.805
104,top_model_weights_with_3d,elephant,0.8
105,top_model_weights_with_3d,elephant,0.775
106,top_model_weights_with_3d,elephant,0.785
107,top_model_weights_with_3d,elephant,0.795
108,top_model_weights_with_3d,elephant,0.86
109,top_model_weights_with_3d,elephant,0.82
110,top_model_weights_with_3d,elephant,0.85
111,top_model_weights_with_3d,elephant,0.78
112,top_model_weights_with_3d,elephant,0.78
113,top_model_weights_with_3d,elephant,0.75
114,top_model_weights_with_3d,elephant,0.83
115,top_model_weights_with_3d,elephant,0.83
116,top_model_weights_with_3d,elephant,0.84
117,top_model_weights_with_3d,elephant,0.805
118,top_model_weights_with_3d,elephant,0.835
119,top_model_weights_with_3d,elephant,0.77
120,top_model_weights_with_3d,elephant,0.795
121,top_model_weights_with_3d,elephant,0.82
122,top_model_weights_with_3d,elephant,0.865
123,top_model_weights_with_3d,elephant,0.81
124,top_model_weights_with_3d,elephant,0.845
125,top_model_weights_with_3d,elephant,0.82
126,top_model_weights_with_3d,elephant,0.8
127,top_model_weights_with_3d,elephant,0.79
128,top_model_weights_with_3d,elephant,0.78
129,top_model_weights_with_3d,elephant,0.815
130,top_model_weights_with_3d,elephant,0.855
131,top_model_weights_with_3d,elephant,0.785
132,top_model_weights_with_3d,elephant,0.77
133,top_model_weights_with_3d,elephant,0.8
134,top_model_weights_with_3d,elephant,0.835
135,top_model_weights_with_3d,elephant,0.805
136,top_model_weights_with_3d,elephant,0.795
137,top_model_weights_with_3d,elephant,0.84
138,top_model_weights_with_3d,elephant,0.83
139,top_model_weights_with_3d,elephant,0.735
140,top_model_weights_with_3d,elephant,0.84
141,top_model_weights_with_3d,elephant,0.855
142,top_model_weights_with_3d,elephant,0.8
143,top_model_weights_with_3d,elephant,0.83
144,top_model_weights_with_3d,elephant,0.835
145,top_model_weights_with_3d,elephant,0.825
146,top_model_weights_with_3d,elephant,0.785
147,top_model_weights_with_3d,elephant,0.815
148,top_model_weights_with_3d,elephant,0.81
149,top_model_weights_with_3d,elephant,0.865
150,top_model_weights_with_3d,elephant,0.85
151,top_model_weights_with_3d,elephant,0.82
152,top_model_weights_with_3d,elephant,0.855
153,top_model_weights_with_3d,elephant,0.855
154,top_model_weights_with_3d,elephant,0.78
155,top_model_weights_with_3d,elephant,0.79
156,top_model_weights_with_3d,elephant,0.85
157,top_model_weights_with_3d,elephant,0.785
158,top_model_weights_with_3d,elephant,0.795
159,top_model_weights_with_3d,elephant,0.8
160,top_model_weights_with_3d,elephant,0.825
161,top_model_weights_with_3d,elephant,0.81
162,top_model_weights_with_3d,elephant,0.825
163,top_model_weights_with_3d,elephant,0.8
164,top_model_weights_with_3d,elephant,0.805
165,top_model_weights_with_3d,elephant,0.875
166,top_model_weights_with_3d,elephant,0.81
167,top_model_weights_with_3d,elephant,0.815
168,top_model_weights_with_3d,elephant,0.825
169,top_model_weights_with_3d,elephant,0.81
170,top_model_weights_with_3d,elephant,0.78
171,top_model_weights_with_3d,elephant,0.855
172,top_model_weights_with_3d,elephant,0.845
173,top_model_weights_with_3d,elephant,0.795
174,top_model_weights_with_3d,elephant,0.775
175,top_model_weights_with_3d,elephant,0.825
176,top_model_weights_with_3d,elephant,0.845
177,top_model_weights_with_3d,elephant,0.845
178,top_model_weights_with_3d,elephant,0.85
179,top_model_weights_with_3d,elephant,0.775
180,top_model_weights_with_3d,elephant,0.795
181,top_model_weights_with_3d,elephant,0.815
182,top_model_weights_with_3d,elephant,0.805
183,top_model_weights_with_3d,elephant,0.81
184,top_model_weights_with_3d,elephant,0.845
185,top_model_weights_with_3d,elephant,0.815
186,top_model_weights_with_3d,elephant,0.8
187,top_model_weights_with_3d,elephant,0.8
188,top_model_weights_with_3d,elephant,0.8
189,top_model_weights_with_3d,elephant,0.835
190,top_model_weights_with_3d,elephant,0.775
191,top_model_weights_with_3d,elephant,0.78
192,top_model_weights_with_3d,elephant,0.82
193,top_model_weights_with_3d,elephant,0.83
194,top_model_weights_with_3d,elephant,0.785
195,top_model_weights_with_3d,elephant,0.845
196,top_model_weights_with_3d,elephant,0.825
197,top_model_weights_with_3d,elephant,0.795
198,top_model_weights_with_3d,elephant,0.775
199,top_model_weights_with_3d,elephant,0.775
200,top_model_weights_with_3d,elephant,0.76
201,top_model_weights_with_3d,elephant,0.81
202,top_model_weights_with_3d,elephant,0.84
203,top_model_weights_with_3d,elephant,0.795
204,top_model_weights_with_3d,elephant,0.845
205,top_model_weights_with_3d,elephant,0.835
206,top_model_weights_with_3d,elephant,0.8
207,top_model_weights_with_3d,elephant,0.825
208,top_model_weights_with_3d,elephant,0.82
209,top_model_weights_with_3d,elephant,0.825
210,top_model_weights_with_3d,elephant,0.805
211,top_model_weights_with_3d,elephant,0.815
212,top_model_weights_with_3d,elephant,0.795
213,top_model_weights_with_3d,elephant,0.805
214,top_model_weights_with_3d,elephant,0.83
215,top_model_weights_with_3d,elephant,0.8
216,top_model_weights_with_3d,elephant,0.845
217,top_model_weights_with_3d,elephant,0.82
218,top_model_weights_with_3d,elephant,0.755
219,top_model_weights_with_3d,elephant,0.835
220,top_model_weights_with_3d,elephant,0.81
221,top_model_weights_with_3d,elephant,0.81
222,top_model_weights_with_3d,elephant,0.785
223,top_model_weights_with_3d,elephant,0.79
224,top_model_weights_with_3d,elephant,0.79
225,top_model_weights_with_3d,elephant,0.75
226,top_model_weights_with_3d,elephant,0.81
227,top_model_weights_with_3d,elephant,0.81
228,top_model_weights_with_3d,elephant,0.74
229,top_model_weights_with_3d,elephant,0.78
230,top_model_weights_with_3d,elephant,0.805
231,top_model_weights_with_3d,elephant,0.77
232,top_model_weights_with_3d,elephant,0.87
233,top_model_weights_with_3d,elephant,0.815
234,top_model_weights_with_3d,elephant,0.835
235,top_model_weights_with_3d,elephant,0.795
236,top_model_weights_with_3d,elephant,0.82
237,top_model_weights_with_3d,elephant,0.77
238,top_model_weights_with_3d,elephant,0.81
239,top_model_weights_with_3d,elephant,0.795
240,top_model_weights_with_3d,elephant,0.78
241,top_model_weights_with_3d,elephant,0.8
242,top_model_weights_with_3d,elephant,0.775
243,top_model_weights_with_3d,elephant,0.815
244,top_model_weights_with_3d,elephant,0.79
245,top_model_weights_with_3d,elephant,0.865
246,top_model_weights_with_3d,elephant,0.87
247,top_model_weights_with_3d,elephant,0.79
248,top_model_weights_with_3d,elephant,0.805
249,top_model_weights_with_3d,elephant,0.835
250,top_model_weights_with_3d,elephant,0.81
251,top_model_weights_with_3d,elephant,0.84
252,top_model_weights_with_3d,elephant,0.84
253,top_model_weights_with_3d,elephant,0.825
254,top_model_weights_with_3d,elephant,0.765
255,top_model_weights_with_3d,elephant,0.83
256,top_model_weights_with_3d,elephant,0.785
257,top_model_weights_with_3d,elephant,0.74
258,top_model_weights_with_3d,elephant,0.78
259,top_model_weights_with_3d,elephant,0.855
260,top_model_weights_with_3d,elephant,0.805
261,top_model_weights_with_3d,elephant,0.81
262,top_model_weights_with_3d,elephant,0.76
263,top_model_weights_with_3d,elephant,0.8
264,top_model_weights_with_3d,elephant,0.825
265,top_model_weights_with_3d,elephant,0.82
266,top_model_weights_with_3d,elephant,0.815
267,top_model_weights_with_3d,elephant,0.82
268,top_model_weights_with_3d,elephant,0.805
269,top_model_weights_with_3d,elephant,0.805
270,top_model_weights_with_3d,elephant,0.82
271,top_model_weights_with_3d,elephant,0.82
272,top_model_weights_with_3d,elephant,0.855
273,top_model_weights_with_3d,elephant,0.78
274,top_model_weights_with_3d,elephant,0.8
275,top_model_weights_with_3d,elephant,0.83
276,top_model_weights_with_3d,elephant,0.82
277,top_model_weights_with_3d,elephant,0.86
278,top_model_weights_with_3d,elephant,0.805
279,top_model_weights_with_3d,elephant,0.745
280,top_model_weights_with_3d,elephant,0.8
281,top_model_weights_with_3d,elephant,0.775
282,top_model_weights_with_3d,elephant,0.82
283,top_model_weights_with_3d,elephant,0.735
284,top_model_weights_with_3d,elephant,0.82
285,top_model_weights_with_3d,elephant,0.8
286,top_model_weights_with_3d,elephant,0.8
287,top_model_weights_with_3d,elephant,0.84
288,top_model_weights_with_3d,elephant,0.865
289,top_model_weights_with_3d,elephant,0.865
290,top_model_weights_with_3d,elephant,0.79
291,top_model_weights_with_3d,elephant,0.84
292,top_model_weights_with_3d,elephant,0.8
293,top_model_weights_with_3d,elephant,0.83
294,top_model_weights_with_3d,elephant,0.805
295,top_model_weights_with_3d,elephant,0.865
296,top_model_weights_with_3d,elephant,0.825
297,top_model_weights_with_3d,elephant,0.845
298,top_model_weights_with_3d,elephant,0.795
299,top_model_weights_with_3d,elephant,0.785
300,top_model_weights_with_3d,elephant,0.815
301,top_model_weights_with_3d,elephant,0.805
302,top_model_weights_with_3d,elephant,0.865
303,top_model_weights_with_3d,elephant,0.845
304,top_model_weights_with_3d,elephant,0.8
305,top_model_weights_with_3d,elephant,0.86
306,top_model_weights_with_3d,elephant,0.83
307,top_model_weights_with_3d,elephant,0.8
308,top_model_weights_with_3d,elephant,0.805
309,top_model_weights_with_3d,elephant,0.845
310,top_model_weights_with_3d,elephant,0.885
311,top_model_weights_with_3d,elephant,0.82
312,top_model_weights_with_3d,elephant,0.83
313,top_model_weights_with_3d,elephant,0.82
314,top_model_weights_with_3d,elephant,0.805
315,top_model_weights_with_3d,elephant,0.795
316,top_model_weights_with_3d,elephant,0.825
317,top_model_weights_with_3d,elephant,0.79
318,top_model_weights_with_3d,elephant,0.78
319,top_model_weights_with_3d,elephant,0.835
320,top_model_weights_with_3d,elephant,0.81
321,top_model_weights_with_3d,elephant,0.775
322,top_model_weights_with_3d,elephant,0.805
323,top_model_weights_with_3d,elephant,0.81
324,top_model_weights_with_3d,elephant,0.805
325,top_model_weights_with_3d,elephant,0.85
326,top_model_weights_with_3d,elephant,0.815
327,top_model_weights_with_3d,elephant,0.86
328,top_model_weights_with_3d,elephant,0.79
329,top_model_weights_with_3d,elephant,0.81
330,top_model_weights_with_3d,elephant,0.8
331,top_model_weights_with_3d,elephant,0.79
332,top_model_weights_with_3d,elephant,0.795
333,top_model_weights_with_3d,elephant,0.76
334,top_model_weights_with_3d,elephant,0.84
335,top_model_weights_with_3d,elephant,0.805
336,top_model_weights_with_3d,elephant,0.795
337,top_model_weights_with_3d,elephant,0.82
338,top_model_weights_with_3d,elephant,0.84
339,top_model_weights_with_3d,elephant,0.865
340,top_model_weights_with_3d,elephant,0.82
341,top_model_weights_with_3d,elephant,0.82
342,top_model_weights_with_3d,elephant,0.86
343,top_model_weights_with_3d,elephant,0.795
344,top_model_weights_with_3d,elephant,0.755
345,top_model_weights_with_3d,elephant,0.855
346,top_model_weights_with_3d,elephant,0.815
347,top_model_weights_with_3d,elephant,0.84
348,top_model_weights_with_3d,elephant,0.845
349,top_model_weights_with_3d,elephant,0.77
350,top_model_weights_with_3d,elephant,0.815
351,top_model_weights_with_3d,elephant,0.8
352,top_model_weights_with_3d,elephant,0.77
353,top_model_weights_with_3d,elephant,0.77
354,top_model_weights_with_3d,elephant,0.785
355,top_model_weights_with_3d,elephant,0.82
356,top_model_weights_with_3d,elephant,0.835
357,top_model_weights_with_3d,elephant,0.81
358,top_model_weights_with_3d,elephant,0.855
359,top_model_weights_with_3d,elephant,0.79
360,top_model_weights_with_3d,elephant,0.825
361,top_model_weights_with_3d,elephant,0.82
362,top_model_weights_with_3d,elephant,0.825
363,top_model_weights_with_3d,elephant,0.79
364,top_model_weights_with_3d,elephant,0.81
365,top_model_weights_with_3d,elephant,0.81
366,top_model_weights_with_3d,elephant,0.795
367,top_model_weights_with_3d,elephant,0.815
368,top_model_weights_with_3d,elephant,0.785
369,top_model_weights_with_3d,elephant,0.835
370,top_model_weights_with_3d,elephant,0.835
371,top_model_weights_with_3d,elephant,0.74
372,top_model_weights_with_3d,elephant,0.83
373,top_model_weights_with_3d,elephant,0.845
374,top_model_weights_with_3d,elephant,0.775
375,top_model_weights_with_3d,elephant,0.81
376,top_model_weights_with_3d,elephant,0.785
377,top_model_weights_with_3d,elephant,0.805
378,top_model_weights_with_3d,elephant,0.84
379,top_model_weights_with_3d,elephant,0.815
380,top_model_weights_with_3d,elephant,0.785
381,top_model_weights_with_3d,elephant,0.845
382,top_model_weights_with_3d,elephant,0.825
383,top_model_weights_with_3d,elephant,0.85
384,top_model_weights_with_3d,elephant,0.765
385,top_model_weights_with_3d,elephant,0.825
386,top_model_weights_with_3d,elephant,0.81
387,top_model_weights_with_3d,elephant,0.82
388,top_model_weights_with_3d,elephant,0.83
389,top_model_weights_with_3d,elephant,0.795
390,top_model_weights_with_3d,elephant,0.86
391,top_model_weights_with_3d,elephant,0.825
392,top_model_weights_with_3d,elephant,0.805
393,top_model_weights_with_3d,elephant,0.84
394,top_model_weights_with_3d,elephant,0.76
395,top_model_weights_with_3d,elephant,0.81
396,top_model_weights_with_3d,elephant,0.795
397,top_model_weights_with_3d,elephant,0.79
398,top_model_weights_with_3d,elephant,0.845
399,top_model_weights_with_3d,elephant,0.8
400,top_model_weights_with_3d,elephant,0.805
401,top_model_weights_with_3d,elephant,0.79
402,top_model_weights_with_3d,elephant,0.78
403,top_model_weights_with_3d,elephant,0.84
404,top_model_weights_with_3d,elephant,0.85
405,top_model_weights_with_3d,elephant,0.8
406,top_model_weights_with_3d,elephant,0.86
407,top_model_weights_with_3d,elephant,0.81
408,top_model_weights_with_3d,elephant,0.805
409,top_model_weights_with_3d,elephant,0.82
410,top_model_weights_with_3d,elephant,0.795
411,top_model_weights_with_3d,elephant,0.805
412,top_model_weights_with_3d,elephant,0.81
413,top_model_weights_with_3d,elephant,0.825
414,top_model_weights_with_3d,elephant,0.8
415,top_model_weights_with_3d,elephant,0.825
416,top_model_weights_with_3d,elephant,0.865
417,top_model_weights_with_3d,elephant,0.81
418,top_model_weights_with_3d,elephant,0.875
419,top_model_weights_with_3d,elephant,0.835
420,top_model_weights_with_3d,elephant,0.775
421,top_model_weights_with_3d,elephant,0.8
422,top_model_weights_with_3d,elephant,0.815
423,top_model_weights_with_3d,elephant,0.815
424,top_model_weights_with_3d,elephant,0.835
425,top_model_weights_with_3d,elephant,0.81
426,top_model_weights_with_3d,elephant,0.805
427,top_model_weights_with_3d,elephant,0.825
428,top_model_weights_with_3d,elephant,0.825
429,top_model_weights_with_3d,elephant,0.84
430,top_model_weights_with_3d,elephant,0.84
431,top_model_weights_with_3d,elephant,0.81
432,top_model_weights_with_3d,elephant,0.84
433,top_model_weights_with_3d,elephant,0.845
434,top_model_weights_with_3d,elephant,0.8
435,top_model_weights_with_3d,elephant,0.78
436,top_model_weights_with_3d,elephant,0.83
437,top_model_weights_with_3d,elephant,0.79
438,top_model_weights_with_3d,elephant,0.855
439,top_model_weights_with_3d,elephant,0.825
440,top_model_weights_with_3d,elephant,0.84
441,top_model_weights_with_3d,elephant,0.81
442,top_model_weights_with_3d,elephant,0.8
443,top_model_weights_with_3d,elephant,0.825
444,top_model_weights_with_3d,elephant,0.805
445,top_model_weights_with_3d,elephant,0.85
446,top_model_weights_with_3d,elephant,0.805
447,top_model_weights_with_3d,elephant,0.805
448,top_model_weights_with_3d,elephant,0.845
449,top_model_weights_with_3d,elephant,0.775
450,top_model_weights_with_3d,elephant,0.85
451,top_model_weights_with_3d,elephant,0.775
452,top_model_weights_with_3d,elephant,0.79
453,top_model_weights_with_3d,elephant,0.835
454,top_model_weights_with_3d,elephant,0.8
455,top_model_weights_with_3d,elephant,0.81
456,top_model_weights_with_3d,elephant,0.82
457,top_model_weights_with_3d,elephant,0.795
458,top_model_weights_with_3d,elephant,0.815
459,top_model_weights_with_3d,elephant,0.82
460,top_model_weights_with_3d,elephant,0.865
461,top_model_weights_with_3d,elephant,0.845
462,top_model_weights_with_3d,elephant,0.82
463,top_model_weights_with_3d,elephant,0.795
464,top_model_weights_with_3d,elephant,0.845
465,top_model_weights_with_3d,elephant,0.805
466,top_model_weights_with_3d,elephant,0.805
467,top_model_weights_with_3d,elephant,0.83
468,top_model_weights_with_3d,elephant,0.835
469,top_model_weights_with_3d,elephant,0.835
470,top_model_weights_with_3d,elephant,0.815
471,top_model_weights_with_3d,elephant,0.83
472,top_model_weights_with_3d,elephant,0.875
473,top_model_weights_with_3d,elephant,0.79
474,top_model_weights_with_3d,elephant,0.805
475,top_model_weights_with_3d,elephant,0.81
476,top_model_weights_with_3d,elephant,0.825
477,top_model_weights_with_3d,elephant,0.785
478,top_model_weights_with_3d,elephant,0.835
479,top_model_weights_with_3d,elephant,0.77
480,top_model_weights_with_3d,elephant,0.82
481,top_model_weights_with_3d,elephant,0.85
482,top_model_weights_with_3d,elephant,0.88
483,top_model_weights_with_3d,elephant,0.82
484,top_model_weights_with_3d,elephant,0.83
485,top_model_weights_with_3d,elephant,0.815
486,top_model_weights_with_3d,elephant,0.825
487,top_model_weights_with_3d,elephant,0.8
488,top_model_weights_with_3d,elephant,0.765
489,top_model_weights_with_3d,elephant,0.81
490,top_model_weights_with_3d,elephant,0.86
491,top_model_weights_with_3d,elephant,0.81
492,top_model_weights_with_3d,elephant,0.845
493,top_model_weights_with_3d,elephant,0.785
494,top_model_weights_with_3d,elephant,0.845
495,top_model_weights_with_3d,elephant,0.82
496,top_model_weights_with_3d,elephant,0.805
497,top_model_weights_with_3d,elephant,0.79
498,top_model_weights_with_3d,elephant,0.81
499,top_model_weights_with_3d,elephant,0.81
500,top_model_weights_with_3d_2,elephant,0.845
501,top_model_weights_with_3d_2,elephant,0.805
502,top_model_weights_with_3d_2,elephant,0.84
503,top_model_weights_with_3d_2,elephant,0.8
504,top_model_weights_with_3d_2,elephant,0.8
505,top_model_weights_with_3d_2,elephant,0.765
506,top_model_weights_with_3d_2,elephant,0.785
507,top_model_weights_with_3d_2,elephant,0.8
508,top_model_weights_with_3d_2,elephant,0.805
509,top_model_weights_with_3d_2,elephant,0.82
510,top_model_weights_with_3d_2,elephant,0.795
511,top_model_weights_with_3d_2,elephant,0.87
512,top_model_weights_with_3d_2,elephant,0.785
513,top_model_weights_with_3d_2,elephant,0.84
514,top_model_weights_with_3d_2,elephant,0.81
515,top_model_weights_with_3d_2,elephant,0.82
516,top_model_weights_with_3d_2,elephant,0.79
517,top_model_weights_with_3d_2,elephant,0.845
518,top_model_weights_with_3d_2,elephant,0.81
519,top_model_weights_with_3d_2,elephant,0.82
520,top_model_weights_with_3d_2,elephant,0.79
521,top_model_weights_with_3d_2,elephant,0.8
522,top_model_weights_with_3d_2,elephant,0.805
523,top_model_weights_with_3d_2,elephant,0.79
524,top_model_weights_with_3d_2,elephant,0.82
525,top_model_weights_with_3d_2,elephant,0.765
526,top_model_weights_with_3d_2,elephant,0.8
527,top_model_weights_with_3d_2,elephant,0.795
528,top_model_weights_with_3d_2,elephant,0.88
529,top_model_weights_with_3d_2,elephant,0.82
530,top_model_weights_with_3d_2,elephant,0.805
531,top_model_weights_with_3d_2,elephant,0.83
532,top_model_weights_with_3d_2,elephant,0.78
533,top_model_weights_with_3d_2,elephant,0.8
534,top_model_weights_with_3d_2,elephant,0.845
535,top_model_weights_with_3d_2,elephant,0.815
536,top_model_weights_with_3d_2,elephant,0.8
537,top_model_weights_with_3d_2,elephant,0.78
538,top_model_weights_with_3d_2,elephant,0.785
539,top_model_weights_with_3d_2,elephant,0.815
540,top_model_weights_with_3d_2,elephant,0.805
541,top_model_weights_with_3d_2,elephant,0.79
542,top_model_weights_with_3d_2,elephant,0.755
543,top_model_weights_with_3d_2,elephant,0.81
544,top_model_weights_with_3d_2,elephant,0.77
545,top_model_weights_with_3d_2,elephant,0.8
546,top_model_weights_with_3d_2,elephant,0.8
547,top_model_weights_with_3d_2,elephant,0.825
548,top_model_weights_with_3d_2,elephant,0.8
549,top_model_weights_with_3d_2,elephant,0.815
550,top_model_weights_with_3d_2,elephant,0.85
551,top_model_weights_with_3d_2,elephant,0.835
552,top_model_weights_with_3d_2,elephant,0.82
553,top_model_weights_with_3d_2,elephant,0.82
554,top_model_weights_with_3d_2,elephant,0.8
555,top_model_weights_with_3d_2,elephant,0.815
556,top_model_weights_with_3d_2,elephant,0.805
557,top_model_weights_with_3d_2,elephant,0.825
558,top_model_weights_with_3d_2,elephant,0.795
559,top_model_weights_with_3d_2,elephant,0.83
560,top_model_weights_with_3d_2,elephant,0.805
561,top_model_weights_with_3d_2,elephant,0.795
562,top_model_weights_with_3d_2,elephant,0.775
563,top_model_weights_with_3d_2,elephant,0.79
564,top_model_weights_with_3d_2,elephant,0.78
565,top_model_weights_with_3d_2,elephant,0.785
566,top_model_weights_with_3d_2,elephant,0.825
567,top_model_weights_with_3d_2,elephant,0.845
568,top_model_weights_with_3d_2,elephant,0.76
569,top_model_weights_with_3d_2,elephant,0.84
570,top_model_weights_with_3d_2,elephant,0.79
571,top_model_weights_with_3d_2,elephant,0.815
572,top_model_weights_with_3d_2,elephant,0.825
573,top_model_weights_with_3d_2,elephant,0.835
574,top_model_weights_with_3d_2,elephant,0.84
575,top_model_weights_with_3d_2,elephant,0.83
576,top_model_weights_with_3d_2,elephant,0.79
577,top_model_weights_with_3d_2,elephant,0.8
578,top_model_weights_with_3d_2,elephant,0.785
579,top_model_weights_with_3d_2,elephant,0.79
580,top_model_weights_with_3d_2,elephant,0.805
581,top_model_weights_with_3d_2,elephant,0.86
582,top_model_weights_with_3d_2,elephant,0.835
583,top_model_weights_with_3d_2,elephant,0.81
584,top_model_weights_with_3d_2,elephant,0.815
585,top_model_weights_with_3d_2,elephant,0.82
586,top_model_weights_with_3d_2,elephant,0.8
587,top_model_weights_with_3d_2,elephant,0.82
588,top_model_weights_with_3d_2,elephant,0.795
589,top_model_weights_with_3d_2,elephant,0.825
590,top_model_weights_with_3d_2,elephant,0.86
591,top_model_weights_with_3d_2,elephant,0.84
592,top_model_weights_with_3d_2,elephant,0.79
593,top_model_weights_with_3d_2,elephant,0.805
594,top_model_weights_with_3d_2,elephant,0.765
595,top_model_weights_with_3d_2,elephant,0.775
596,top_model_weights_with_3d_2,elephant,0.83
597,top_model_weights_with_3d_2,elephant,0.845
598,top_model_weights_with_3d_2,elephant,0.825
599,top_model_weights_with_3d_2,elephant,0.81
600,top_model_weights_with_3d_2,elephant,0.835
601,top_model_weights_with_3d_2,elephant,0.805
602,top_model_weights_with_3d_2,elephant,0.83
603,top_model_weights_with_3d_2,elephant,0.815
604,top_model_weights_with_3d_2,elephant,0.79
605,top_model_weights_with_3d_2,elephant,0.83
606,top_model_weights_with_3d_2,elephant,0.805
607,top_model_weights_with_3d_2,elephant,0.745
608,top_model_weights_with_3d_2,elephant,0.805
609,top_model_weights_with_3d_2,elephant,0.785
610,top_model_weights_with_3d_2,elephant,0.83
611,top_model_weights_with_3d_2,elephant,0.76
612,top_model_weights_with_3d_2,elephant,0.815
613,top_model_weights_with_3d_2,elephant,0.845
614,top_model_weights_with_3d_2,elephant,0.825
615,top_model_weights_with_3d_2,elephant,0.79
616,top_model_weights_with_3d_2,elephant,0.815
617,top_model_weights_with_3d_2,elephant,0.865
618,top_model_weights_with_3d_2,elephant,0.77
619,top_model_weights_with_3d_2,elephant,0.805
620,top_model_weights_with_3d_2,elephant,0.8
621,top_model_weights_with_3d_2,elephant,0.815
622,top_model_weights_with_3d_2,elephant,0.785
623,top_model_weights_with_3d_2,elephant,0.815
624,top_model_weights_with_3d_2,elephant,0.82
625,top_model_weights_with_3d_2,elephant,0.81
626,top_model_weights_with_3d_2,elephant,0.84
627,top_model_weights_with_3d_2,elephant,0.785
628,top_model_weights_with_3d_2,elephant,0.825
629,top_model_weights_with_3d_2,elephant,0.795
630,top_model_weights_with_3d_2,elephant,0.79
631,top_model_weights_with_3d_2,elephant,0.815
632,top_model_weights_with_3d_2,elephant,0.8
633,top_model_weights_with_3d_2,elephant,0.805
634,top_model_weights_with_3d_2,elephant,0.82
635,top_model_weights_with_3d_2,elephant,0.78
636,top_model_weights_with_3d_2,elephant,0.83
637,top_model_weights_with_3d_2,elephant,0.83
638,top_model_weights_with_3d_2,elephant,0.84
639,top_model_weights_with_3d_2,elephant,0.81
640,top_model_weights_with_3d_2,elephant,0.795
641,top_model_weights_with_3d_2,elephant,0.735
642,top_model_weights_with_3d_2,elephant,0.84
643,top_model_weights_with_3d_2,elephant,0.835
644,top_model_weights_with_3d_2,elephant,0.79
645,top_model_weights_with_3d_2,elephant,0.84
646,top_model_weights_with_3d_2,elephant,0.805
647,top_model_weights_with_3d_2,elephant,0.785
648,top_model_weights_with_3d_2,elephant,0.765
649,top_model_weights_with_3d_2,elephant,0.855
650,top_model_weights_with_3d_2,elephant,0.8
651,top_model_weights_with_3d_2,elephant,0.805
652,top_model_weights_with_3d_2,elephant,0.77
653,top_model_weights_with_3d_2,elephant,0.83
654,top_model_weights_with_3d_2,elephant,0.79
655,top_model_weights_with_3d_2,elephant,0.83
656,top_model_weights_with_3d_2,elephant,0.825
657,top_model_weights_with_3d_2,elephant,0.835
658,top_model_weights_with_3d_2,elephant,0.745
659,top_model_weights_with_3d_2,elephant,0.81
660,top_model_weights_with_3d_2,elephant,0.81
661,top_model_weights_with_3d_2,elephant,0.825
662,top_model_weights_with_3d_2,elephant,0.81
663,top_model_weights_with_3d_2,elephant,0.78
664,top_model_weights_with_3d_2,elephant,0.81
665,top_model_weights_with_3d_2,elephant,0.81
666,top_model_weights_with_3d_2,elephant,0.765
667,top_model_weights_with_3d_2,elephant,0.81
668,top_model_weights_with_3d_2,elephant,0.82
669,top_model_weights_with_3d_2,elephant,0.83
670,top_model_weights_with_3d_2,elephant,0.835
671,top_model_weights_with_3d_2,elephant,0.805
672,top_model_weights_with_3d_2,elephant,0.81
673,top_model_weights_with_3d_2,elephant,0.835
674,top_model_weights_with_3d_2,elephant,0.81
675,top_model_weights_with_3d_2,elephant,0.84
676,top_model_weights_with_3d_2,elephant,0.83
677,top_model_weights_with_3d_2,elephant,0.78
678,top_model_weights_with_3d_2,elephant,0.8
679,top_model_weights_with_3d_2,elephant,0.82
680,top_model_weights_with_3d_2,elephant,0.8
681,top_model_weights_with_3d_2,elephant,0.845
682,top_model_weights_with_3d_2,elephant,0.755
683,top_model_weights_with_3d_2,elephant,0.745
684,top_model_weights_with_3d_2,elephant,0.815
685,top_model_weights_with_3d_2,elephant,0.85
686,top_model_weights_with_3d_2,elephant,0.76
687,top_model_weights_with_3d_2,elephant,0.795
688,top_model_weights_with_3d_2,elephant,0.835
689,top_model_weights_with_3d_2,elephant,0.845
690,top_model_weights_with_3d_2,elephant,0.78
691,top_model_weights_with_3d_2,elephant,0.825
692,top_model_weights_with_3d_2,elephant,0.77
693,top_model_weights_with_3d_2,elephant,0.855
694,top_model_weights_with_3d_2,elephant,0.82
695,top_model_weights_with_3d_2,elephant,0.8
696,top_model_weights_with_3d_2,elephant,0.845
697,top_model_weights_with_3d_2,elephant,0.81
698,top_model_weights_with_3d_2,elephant,0.825
699,top_model_weights_with_3d_2,elephant,0.815
700,top_model_weights_with_3d_2,elephant,0.77
701,top_model_weights_with_3d_2,elephant,0.82
702,top_model_weights_with_3d_2,elephant,0.815
703,top_model_weights_with_3d_2,elephant,0.85
704,top_model_weights_with_3d_2,elephant,0.815
705,top_model_weights_with_3d_2,elephant,0.79
706,top_model_weights_with_3d_2,elephant,0.81
707,top_model_weights_with_3d_2,elephant,0.785
708,top_model_weights_with_3d_2,elephant,0.845
709,top_model_weights_with_3d_2,elephant,0.83
710,top_model_weights_with_3d_2,elephant,0.785
711,top_model_weights_with_3d_2,elephant,0.78
712,top_model_weights_with_3d_2,elephant,0.79
713,top_model_weights_with_3d_2,elephant,0.81
714,top_model_weights_with_3d_2,elephant,0.785
715,top_model_weights_with_3d_2,elephant,0.82
716,top_model_weights_with_3d_2,elephant,0.765
717,top_model_weights_with_3d_2,elephant,0.815
718,top_model_weights_with_3d_2,elephant,0.865
719,top_model_weights_with_3d_2,elephant,0.835
720,top_model_weights_with_3d_2,elephant,0.8
721,top_model_weights_with_3d_2,elephant,0.78
722,top_model_weights_with_3d_2,elephant,0.785
723,top_model_weights_with_3d_2,elephant,0.79
724,top_model_weights_with_3d_2,elephant,0.785
725,top_model_weights_with_3d_2,elephant,0.84
726,top_model_weights_with_3d_2,elephant,0.81
727,top_model_weights_with_3d_2,elephant,0.815
728,top_model_weights_with_3d_2,elephant,0.835
729,top_model_weights_with_3d_2,elephant,0.82
730,top_model_weights_with_3d_2,elephant,0.82
731,top_model_weights_with_3d_2,elephant,0.755
732,top_model_weights_with_3d_2,elephant,0.85
733,top_model_weights_with_3d_2,elephant,0.81
734,top_model_weights_with_3d_2,elephant,0.775
735,top_model_weights_with_3d_2,elephant,0.78
736,top_model_weights_with_3d_2,elephant,0.805
737,top_model_weights_with_3d_2,elephant,0.825
738,top_model_weights_with_3d_2,elephant,0.81
739,top_model_weights_with_3d_2,elephant,0.79
740,top_model_weights_with_3d_2,elephant,0.785
741,top_model_weights_with_3d_2,elephant,0.765
742,top_model_weights_with_3d_2,elephant,0.82
743,top_model_weights_with_3d_2,elephant,0.77
744,top_model_weights_with_3d_2,elephant,0.87
745,top_model_weights_with_3d_2,elephant,0.83
746,top_model_weights_with_3d_2,elephant,0.775
747,top_model_weights_with_3d_2,elephant,0.78
748,top_model_weights_with_3d_2,elephant,0.8
749,top_model_weights_with_3d_2,elephant,0.79
750,top_model_weights_with_3d_2,elephant,0.785
751,top_model_weights_with_3d_2,elephant,0.85
752,top_model_weights_with_3d_2,elephant,0.81
753,top_model_weights_with_3d_2,elephant,0.8
754,top_model_weights_with_3d_2,elephant,0.79
755,top_model_weights_with_3d_2,elephant,0.765
756,top_model_weights_with_3d_2,elephant,0.805
757,top_model_weights_with_3d_2,elephant,0.815
758,top_model_weights_with_3d_2,elephant,0.81
759,top_model_weights_with_3d_2,elephant,0.77
760,top_model_weights_with_3d_2,elephant,0.775
761,top_model_weights_with_3d_2,elephant,0.82
762,top_model_weights_with_3d_2,elephant,0.815
763,top_model_weights_with_3d_2,elephant,0.8
764,top_model_weights_with_3d_2,elephant,0.78
765,top_model_weights_with_3d_2,elephant,0.81
766,top_model_weights_with_3d_2,elephant,0.835
767,top_model_weights_with_3d_2,elephant,0.83
768,top_model_weights_with_3d_2,elephant,0.79
769,top_model_weights_with_3d_2,elephant,0.755
770,top_model_weights_with_3d_2,elephant,0.755
771,top_model_weights_with_3d_2,elephant,0.8
772,top_model_weights_with_3d_2,elephant,0.8
773,top_model_weights_with_3d_2,elephant,0.78
774,top_model_weights_with_3d_2,elephant,0.795
775,top_model_weights_with_3d_2,elephant,0.8
776,top_model_weights_with_3d_2,elephant,0.805
777,top_model_weights_with_3d_2,elephant,0.78
778,top_model_weights_with_3d_2,elephant,0.81
779,top_model_weights_with_3d_2,elephant,0.845
780,top_model_weights_with_3d_2,elephant,0.83
781,top_model_weights_with_3d_2,elephant,0.82
782,top_model_weights_with_3d_2,elephant,0.765
783,top_model_weights_with_3d_2,elephant,0.76
784,top_model_weights_with_3d_2,elephant,0.825
785,top_model_weights_with_3d_2,elephant,0.815
786,top_model_weights_with_3d_2,elephant,0.815
787,top_model_weights_with_3d_2,elephant,0.775
788,top_model_weights_with_3d_2,elephant,0.81
789,top_model_weights_with_3d_2,elephant,0.81
790,top_model_weights_with_3d_2,elephant,0.8
791,top_model_weights_with_3d_2,elephant,0.815
792,top_model_weights_with_3d_2,elephant,0.785
793,top_model_weights_with_3d_2,elephant,0.835
794,top_model_weights_with_3d_2,elephant,0.81
795,top_model_weights_with_3d_2,elephant,0.835
796,top_model_weights_with_3d_2,elephant,0.79
797,top_model_weights_with_3d_2,elephant,0.8
798,top_model_weights_with_3d_2,elephant,0.79
799,top_model_weights_with_3d_2,elephant,0.825
800,top_model_weights_with_3d_2,elephant,0.835
801,top_model_weights_with_3d_2,elephant,0.845
802,top_model_weights_with_3d_2,elephant,0.785
803,top_model_weights_with_3d_2,elephant,0.8
804,top_model_weights_with_3d_2,elephant,0.815
805,top_model_weights_with_3d_2,elephant,0.855
806,top_model_weights_with_3d_2,elephant,0.815
807,top_model_weights_with_3d_2,elephant,0.815
808,top_model_weights_with_3d_2,elephant,0.795
809,top_model_weights_with_3d_2,elephant,0.835
810,top_model_weights_with_3d_2,elephant,0.82
811,top_model_weights_with_3d_2,elephant,0.775
812,top_model_weights_with_3d_2,elephant,0.82
813,top_model_weights_with_3d_2,elephant,0.795
814,top_model_weights_with_3d_2,elephant,0.855
815,top_model_weights_with_3d_2,elephant,0.81
816,top_model_weights_with_3d_2,elephant,0.84
817,top_model_weights_with_3d_2,elephant,0.81
818,top_model_weights_with_3d_2,elephant,0.785
819,top_model_weights_with_3d_2,elephant,0.825
820,top_model_weights_with_3d_2,elephant,0.81
821,top_model_weights_with_3d_2,elephant,0.815
822,top_model_weights_with_3d_2,elephant,0.8
823,top_model_weights_with_3d_2,elephant,0.8
824,top_model_weights_with_3d_2,elephant,0.795
825,top_model_weights_with_3d_2,elephant,0.81
826,top_model_weights_with_3d_2,elephant,0.815
827,top_model_weights_with_3d_2,elephant,0.805
828,top_model_weights_with_3d_2,elephant,0.815
829,top_model_weights_with_3d_2,elephant,0.78
830,top_model_weights_with_3d_2,elephant,0.825
831,top_model_weights_with_3d_2,elephant,0.84
832,top_model_weights_with_3d_2,elephant,0.765
833,top_model_weights_with_3d_2,elephant,0.82
834,top_model_weights_with_3d_2,elephant,0.815
835,top_model_weights_with_3d_2,elephant,0.815
836,top_model_weights_with_3d_2,elephant,0.825
837,top_model_weights_with_3d_2,elephant,0.85
838,top_model_weights_with_3d_2,elephant,0.785
839,top_model_weights_with_3d_2,elephant,0.84
840,top_model_weights_with_3d_2,elephant,0.805
841,top_model_weights_with_3d_2,elephant,0.785
842,top_model_weights_with_3d_2,elephant,0.84
843,top_model_weights_with_3d_2,elephant,0.81
844,top_model_weights_with_3d_2,elephant,0.8
845,top_model_weights_with_3d_2,elephant,0.84
846,top_model_weights_with_3d_2,elephant,0.795
847,top_model_weights_with_3d_2,elephant,0.805
848,top_model_weights_with_3d_2,elephant,0.8
849,top_model_weights_with_3d_2,elephant,0.81
850,top_model_weights_with_3d_2,elephant,0.795
851,top_model_weights_with_3d_2,elephant,0.805
852,top_model_weights_with_3d_2,elephant,0.87
853,top_model_weights_with_3d_2,elephant,0.805
854,top_model_weights_with_3d_2,elephant,0.805
855,top_model_weights_with_3d_2,elephant,0.77
856,top_model_weights_with_3d_2,elephant,0.78
857,top_model_weights_with_3d_2,elephant,0.79
858,top_model_weights_with_3d_2,elephant,0.765
859,top_model_weights_with_3d_2,elephant,0.82
860,top_model_weights_with_3d_2,elephant,0.785
861,top_model_weights_with_3d_2,elephant,0.785
862,top_model_weights_with_3d_2,elephant,0.775
863,top_model_weights_with_3d_2,elephant,0.835
864,top_model_weights_with_3d_2,elephant,0.8
865,top_model_weights_with_3d_2,elephant,0.825
866,top_model_weights_with_3d_2,elephant,0.765
867,top_model_weights_with_3d_2,elephant,0.815
868,top_model_weights_with_3d_2,elephant,0.86
869,top_model_weights_with_3d_2,elephant,0.79
870,top_model_weights_with_3d_2,elephant,0.78
871,top_model_weights_with_3d_2,elephant,0.855
872,top_model_weights_with_3d_2,elephant,0.78
873,top_model_weights_with_3d_2,elephant,0.83
874,top_model_weights_with_3d_2,elephant,0.8
875,top_model_weights_with_3d_2,elephant,0.715
876,top_model_weights_with_3d_2,elephant,0.815
877,top_model_weights_with_3d_2,elephant,0.795
878,top_model_weights_with_3d_2,elephant,0.825
879,top_model_weights_with_3d_2,elephant,0.775
880,top_model_weights_with_3d_2,elephant,0.825
881,top_model_weights_with_3d_2,elephant,0.835
882,top_model_weights_with_3d_2,elephant,0.85
883,top_model_weights_with_3d_2,elephant,0.84
884,top_model_weights_with_3d_2,elephant,0.8
885,top_model_weights_with_3d_2,elephant,0.81
886,top_model_weights_with_3d_2,elephant,0.8
887,top_model_weights_with_3d_2,elephant,0.865
888,top_model_weights_with_3d_2,elephant,0.77
889,top_model_weights_with_3d_2,elephant,0.82
890,top_model_weights_with_3d_2,elephant,0.785
891,top_model_weights_with_3d_2,elephant,0.82
892,top_model_weights_with_3d_2,elephant,0.815
893,top_model_weights_with_3d_2,elephant,0.815
894,top_model_weights_with_3d_2,elephant,0.815
895,top_model_weights_with_3d_2,elephant,0.79
896,top_model_weights_with_3d_2,elephant,0.84
897,top_model_weights_with_3d_2,elephant,0.785
898,top_model_weights_with_3d_2,elephant,0.83
899,top_model_weights_with_3d_2,elephant,0.85
900,top_model_weights_with_3d_2,elephant,0.745
901,top_model_weights_with_3d_2,elephant,0.84
902,top_model_weights_with_3d_2,elephant,0.775
903,top_model_weights_with_3d_2,elephant,0.85
904,top_model_weights_with_3d_2,elephant,0.83
905,top_model_weights_with_3d_2,elephant,0.815
906,top_model_weights_with_3d_2,elephant,0.78
907,top_model_weights_with_3d_2,elephant,0.815
908,top_model_weights_with_3d_2,elephant,0.78
909,top_model_weights_with_3d_2,elephant,0.775
910,top_model_weights_with_3d_2,elephant,0.785
911,top_model_weights_with_3d_2,elephant,0.8
912,top_model_weights_with_3d_2,elephant,0.83
913,top_model_weights_with_3d_2,elephant,0.78
914,top_model_weights_with_3d_2,elephant,0.81
915,top_model_weights_with_3d_2,elephant,0.765
916,top_model_weights_with_3d_2,elephant,0.81
917,top_model_weights_with_3d_2,elephant,0.795
918,top_model_weights_with_3d_2,elephant,0.815
919,top_model_weights_with_3d_2,elephant,0.825
920,top_model_weights_with_3d_2,elephant,0.795
921,top_model_weights_with_3d_2,elephant,0.785
922,top_model_weights_with_3d_2,elephant,0.77
923,top_model_weights_with_3d_2,elephant,0.805
924,top_model_weights_with_3d_2,elephant,0.86
925,top_model_weights_with_3d_2,elephant,0.74
926,top_model_weights_with_3d_2,elephant,0.82
927,top_model_weights_with_3d_2,elephant,0.855
928,top_model_weights_with_3d_2,elephant,0.78
929,top_model_weights_with_3d_2,elephant,0.82
930,top_model_weights_with_3d_2,elephant,0.87
931,top_model_weights_with_3d_2,elephant,0.77
932,top_model_weights_with_3d_2,elephant,0.82
933,top_model_weights_with_3d_2,elephant,0.795
934,top_model_weights_with_3d_2,elephant,0.85
935,top_model_weights_with_3d_2,elephant,0.785
936,top_model_weights_with_3d_2,elephant,0.85
937,top_model_weights_with_3d_2,elephant,0.845
938,top_model_weights_with_3d_2,elephant,0.855
939,top_model_weights_with_3d_2,elephant,0.815
940,top_model_weights_with_3d_2,elephant,0.78
941,top_model_weights_with_3d_2,elephant,0.81
942,top_model_weights_with_3d_2,elephant,0.815
943,top_model_weights_with_3d_2,elephant,0.84
944,top_model_weights_with_3d_2,elephant,0.805
945,top_model_weights_with_3d_2,elephant,0.795
946,top_model_weights_with_3d_2,elephant,0.775
947,top_model_weights_with_3d_2,elephant,0.805
948,top_model_weights_with_3d_2,elephant,0.81
949,top_model_weights_with_3d_2,elephant,0.87
950,top_model_weights_with_3d_2,elephant,0.825
951,top_model_weights_with_3d_2,elephant,0.815
952,top_model_weights_with_3d_2,elephant,0.795
953,top_model_weights_with_3d_2,elephant,0.855
954,top_model_weights_with_3d_2,elephant,0.76
955,top_model_weights_with_3d_2,elephant,0.775
956,top_model_weights_with_3d_2,elephant,0.825
957,top_model_weights_with_3d_2,elephant,0.81
958,top_model_weights_with_3d_2,elephant,0.83
959,top_model_weights_with_3d_2,elephant,0.82
960,top_model_weights_with_3d_2,elephant,0.78
961,top_model_weights_with_3d_2,elephant,0.825
962,top_model_weights_with_3d_2,elephant,0.805
963,top_model_weights_with_3d_2,elephant,0.815
964,top_model_weights_with_3d_2,elephant,0.845
965,top_model_weights_with_3d_2,elephant,0.795
966,top_model_weights_with_3d_2,elephant,0.83
967,top_model_weights_with_3d_2,elephant,0.82
968,top_model_weights_with_3d_2,elephant,0.85
969,top_model_weights_with_3d_2,elephant,0.805
970,top_model_weights_with_3d_2,elephant,0.905
971,top_model_weights_with_3d_2,elephant,0.825
972,top_model_weights_with_3d_2,elephant,0.765
973,top_model_weights_with_3d_2,elephant,0.765
974,top_model_weights_with_3d_2,elephant,0.81
975,top_model_weights_with_3d_2,elephant,0.81
976,top_model_weights_with_3d_2,elephant,0.805
977,top_model_weights_with_3d_2,elephant,0.8
978,top_model_weights_with_3d_2,elephant,0.78
979,top_model_weights_with_3d_2,elephant,0.825
980,top_model_weights_with_3d_2,elephant,0.805
981,top_model_weights_with_3d_2,elephant,0.825
982,top_model_weights_with_3d_2,elephant,0.765
983,top_model_weights_with_3d_2,elephant,0.77
984,top_model_weights_with_3d_2,elephant,0.81
985,top_model_weights_with_3d_2,elephant,0.8
986,top_model_weights_with_3d_2,elephant,0.78
987,top_model_weights_with_3d_2,elephant,0.81
988,top_model_weights_with_3d_2,elephant,0.785
989,top_model_weights_with_3d_2,elephant,0.805
990,top_model_weights_with_3d_2,elephant,0.8
991,top_model_weights_with_3d_2,elephant,0.78
992,top_model_weights_with_3d_2,elephant,0.77
993,top_model_weights_with_3d_2,elephant,0.81
994,top_model_weights_with_3d_2,elephant,0.795
995,top_model_weights_with_3d_2,elephant,0.76
996,top_model_weights_with_3d_2,elephant,0.85
997,top_model_weights_with_3d_2,elephant,0.83
998,top_model_weights_with_3d_2,elephant,0.8
999,top_model_weights_with_3d_2,elephant,0.785
